id,acc_x,acc_y,acc_z,gyro_x,gyro_y,gyro_z,orient_x,orient_y,orient_z
406,0.294487,-0.634463,8.74362,0.028436,0.0244314,0.0406424,0.194625,0.200587,0.19137
407,0.167594,-0.744596,8.2145,0.00831804,-0.0113412,0.0393767,0.194814,0.200522,0.192524
408,0.122104,-0.812831,8.4228,0.00845127,0.000116676,0.0249211,0.19504,0.200393,0.193415
409,0.0526724,-0.961271,8.47427,0.0271703,-0.0150051,0.0163277,0.195491,0.200419,0.193841
410,-0.14844,-0.80924,8.51138,0.0159122,-0.0372547,0.03065,0.19611,0.199506,0.194448
411,-0.579397,-0.679953,8.65743,0.020109,-0.0464476,0.0376447,0.19593,0.198418,0.195792
412,0.155623,-0.641646,8.83221,0.0239727,-0.0488458,0.0177266,0.196104,0.196835,0.196548
413,0.0347159,-1.06542,8.54131,0.0451565,-0.0287945,0.00959951,0.197319,0.195871,0.196832
414,0.0766144,-1.25576,8.24682,0.013514,-0.0182692,0.0340474,0.197643,0.195308,0.197162
415,0.0670376,-1.17076,8.4216,0.00358833,-0.0186689,0.0549647,0.197541,0.194806,0.199155
416,-0.149638,-1.3216,8.74721,0.0126481,-0.0251973,0.0465712,0.198012,0.19439,0.201667
417,-0.147243,-1.41378,8.57124,0.0592124,-0.053309,0.046438,0.199471,0.19316,0.202722
418,-0.0574608,-1.58376,8.9603,0.0274367,-0.0512439,0.0750826,0.200704,0.191624,0.204654
419,0.0299275,-1.35153,8.9579,0.0181772,-0.0344568,0.0846753,0.201301,0.190403,0.20688
420,0.169988,-1.31442,8.50779,0.022707,-0.0404522,0.0892052,0.202086,0.189565,0.20915
421,0.0909796,-1.53229,8.58201,0.0103831,-0.0242646,0.0936684,0.202406,0.188695,0.211566
422,0.110133,-1.43652,8.68137,-0.0183282,-0.0150051,0.0983315,0.201874,0.188134,0.2142
423,0.178368,-1.6113,8.5018,-0.058564,-0.023332,0.137035,0.20103,0.18788,0.21726
424,0.0574608,-1.66158,8.60595,-0.0798143,-0.0443825,0.158219,0.198489,0.18663,0.222244
425,0.102951,-1.48201,8.95431,-0.0570985,-0.0478466,0.171475,0.196412,0.185213,0.227047
426,0.199916,-1.3204,8.87291,-0.0312516,-0.0583052,0.16608,0.195353,0.183677,0.231628
427,0.0945709,-1.39223,9.14106,-0.0844108,-0.0309928,0.179736,0.193916,0.182375,0.23643
428,0.12809,-1.3228,8.96987,-0.0649591,-0.0101421,0.231163,0.191695,0.182115,0.242322
429,0.349553,-1.14323,8.67419,-0.0105342,-0.0483795,0.215242,0.190757,0.181289,0.24821
430,0.250194,-1.15879,9.05606,-0.0401781,-0.0495786,0.221437,0.190152,0.179746,0.254248
431,0.187945,-0.802057,9.20211,-0.0724867,-0.0178695,0.237558,0.188445,0.179104,0.260544
432,0.369904,-0.228646,8.9172,-0.139835,-0.0117409,0.220571,0.185982,0.178624,0.266943
433,0.264559,-0.308852,8.81544,-0.135572,0.032292,0.201053,0.182493,0.178997,0.273499
434,0.434547,-0.264559,8.72207,-0.0201934,0.0550745,0.152157,0.180076,0.180423,0.278069
435,0.353145,-0.578199,8.65144,0.0752667,0.0448823,0.173074,0.18162,0.181966,0.28214
436,0.153229,-0.147243,9.16859,-0.0223918,0.00851025,0.163681,0.182141,0.182471,0.286847
437,0.339976,-0.272939,9.26316,-0.0357815,-0.0121406,0.121514,0.180793,0.182343,0.290671
438,0.35075,-0.308852,8.97107,-0.0136651,-0.00414672,0.0241217,0.180088,0.182248,0.292868
439,0.53271,-0.529118,8.38808,0.0259712,-0.0377876,0.0420413,0.180727,0.18186,0.294252
440,0.390255,-0.634463,8.31266,0.0604114,-0.0673649,0.0598943,0.18149,0.180102,0.295615
441,0.683544,-0.428562,8.916,0.0733348,-0.0355227,0.0342473,0.183331,0.178602,0.297395
442,0.707486,-0.384269,9.03452,0.0785975,-0.0106084,0.00580243,0.184422,0.17782,0.296509
443,0.766144,-0.102951,8.80946,0.0428249,0.0550745,0.00127257,0.186285,0.178587,0.296693
444,0.506373,-0.857124,8.67778,0.0246389,0.0796557,0.000339949,0.186695,0.180741,0.296551
445,0.513556,-0.68953,8.37132,0.0324995,0.07839,-0.00125883,0.18715,0.182884,0.29663
446,0.584185,-0.812831,8.02536,0.0337652,0.0470141,-0.0015919,0.188106,0.184622,0.296535
447,0.603339,-0.811634,8.27436,-0.0125326,0.0406856,-0.0125169,0.188785,0.185601,0.296694
448,0.536301,-0.931344,8.55568,-0.0357149,0.0622024,-0.0177129,0.188213,0.187001,0.296425
449,0.602141,-0.949301,8.20133,-0.0421766,0.0754589,-0.0272389,0.187218,0.189063,0.295805
450,0.640449,-1.02591,8.18816,-0.0145977,0.0472805,-0.0287711,0.186447,0.190587,0.294973
451,0.615309,-1.09056,8.54251,-0.0345158,0.0323586,-0.0795988,0.186343,0.191678,0.293894
452,0.828393,-1.2366,8.63349,-0.0261222,0.0350899,-0.0458913,0.185817,0.192445,0.292742
453,0.521936,-1.29407,8.47906,-0.0397784,0.0183693,-0.0450919,0.184972,0.193089,0.291469
454,0.608127,-1.08338,8.71249,-0.0662914,0.0282285,-0.0439594,0.183032,0.193799,0.290201
455,0.48722,-1.05105,9.05487,-0.00740324,0.0320255,-0.0470904,0.182478,0.194535,0.289014
456,0.481234,-1.03549,8.90284,-0.0331169,0.0547415,-0.0217098,0.182157,0.195816,0.288103
457,0.320823,-0.925359,9.44632,-0.0708213,0.074926,-0.03017,0.180309,0.198013,0.287168
458,0.171185,-0.622492,9.11113,-0.0493711,0.0369551,-0.0410949,0.178659,0.199427,0.286263
459,0.308852,-0.746991,8.69933,0.00145664,0.0280952,-0.0586815,0.178282,0.200272,0.284892
460,0.27653,-0.963666,8.74242,-0.0420434,-0.00308087,-0.0556171,0.177404,0.200743,0.283169
461,0.197522,-0.338779,8.72686,0.0285026,-0.0378542,-0.0611463,0.177158,0.200151,0.281817
462,0.17358,-0.575805,8.82502,-0.0371804,-0.0784897,-0.0974517,0.175868,0.198462,0.278089
463,0.0335188,-0.638054,9.04649,-0.0789484,-0.078623,-0.084928,0.174051,0.19617,0.276005
464,-0.189142,-0.452504,8.92678,-0.0195939,-0.12532,-0.0995834,0.172932,0.193565,0.273386
465,-0.00837971,-0.211887,8.97586,0.0468218,-0.179546,-0.0724709,0.173555,0.189291,0.270357
466,0.0933738,-0.336385,9.57321,0.0656074,-0.188672,-0.0638109,0.175129,0.183852,0.268302
467,0.259771,-0.286107,9.13986,0.063076,-0.138843,-0.107178,0.176531,0.17943,0.26565
468,0.299275,-0.122104,8.82383,0.0461557,-0.0575058,-0.0778668,0.178764,0.176863,0.263599
469,-0.071826,-0.270545,8.84896,-0.0161965,0.00504624,-0.0628783,0.178984,0.176391,0.261503
470,-0.337582,-0.23104,8.73285,0.0294352,0.0624689,0.0195919,0.17876,0.177639,0.261377
471,-0.17358,-0.228646,8.3797,0.0633425,0.0734604,-0.0329012,0.179752,0.179534,0.260913
472,-0.134075,-0.56144,8.06367,0.11497,0.0695301,-0.0193783,0.182743,0.181603,0.260204
473,0.0670376,-0.436942,8.11275,0.0815952,0.0328249,-0.0179793,0.185493,0.182912,0.259764
474,0.177171,-0.509965,8.30309,0.0728686,-0.000349633,-0.0264395,0.187243,0.183247,0.25907
475,0.164003,-0.457292,8.44315,0.0975163,-0.0253305,-0.0424273,0.18954,0.182676,0.258194
476,0.154426,-0.703895,8.60595,0.106776,-0.016404,-0.049755,0.192501,0.182093,0.256919
477,0.0383072,-0.954089,8.31745,0.0574803,-0.0111414,-0.00871978,0.194492,0.181554,0.255776
478,0.0275333,-0.932541,8.2576,0.00965035,-0.00647827,0.000872874,0.194921,0.181313,0.255508
479,-0.011971,-0.87508,8.73404,0.010583,-0.0126735,0.00347088,0.195251,0.180957,0.255651
480,0.117316,-0.824802,8.7089,0.018377,-0.0126069,0.0175268,0.195912,0.180461,0.255875
481,0.0849941,-1.05704,8.78432,-0.0366475,-0.00261456,0.0310497,0.195844,0.180271,0.256662
482,0.0490811,-1.08577,8.60117,-0.0953358,-0.00794381,0.0264533,0.194029,0.180144,0.257298
483,-0.0011971,-1.02591,8.51378,-0.0861429,-0.00374703,0.0379111,0.191068,0.180081,0.258452
484,0.0981622,-0.872686,8.57004,-0.0794147,-0.0057455,0.00740121,0.188851,0.18003,0.258831
485,-0.0071826,-0.963666,8.76278,-0.0714874,-0.0157378,0.0792128,0.18794,0.179754,0.261684
486,-0.221464,-0.952892,9.03452,-0.14643,-0.00241471,0.0298507,0.184852,0.179424,0.263173
487,0.0562637,-0.80924,8.87291,-0.163217,0.01757,0.0866071,0.180831,0.179687,0.264683
488,0.245406,-0.897825,9.05606,-0.124513,0.0162377,0.0996638,0.176885,0.180173,0.267015
489,0.154426,-0.865504,9.31464,-0.0941367,0.0224995,0.0216569,0.173573,0.180633,0.268686
490,0.140061,-0.879869,9.2895,-0.11612,0.0406856,0.0222565,0.170748,0.181286,0.269073
491,0.286107,-0.357933,9.59117,-0.0786819,0.0386205,0.0270528,0.167624,0.182584,0.269926
492,0.529118,-0.0143652,8.82024,0.00765188,0.00338084,0.0154617,0.167171,0.183118,0.270597
493,0.578199,-0.399832,8.77475,0.0392943,-0.0425173,0.0283851,0.168153,0.182451,0.271149
494,0.43335,-0.310049,9.02135,-0.0343826,-0.0638343,0.0324487,0.167695,0.180788,0.271931
495,0.494402,-0.371101,8.87051,-0.0426429,-0.0353894,0.0401761,0.166491,0.179354,0.272869
496,0.517147,-0.391452,8.97466,-0.0205265,-0.0227325,0.0317825,0.165507,0.178666,0.2737
497,0.705092,-0.240617,8.7927,-0.0143313,0.00204853,-0.000326206,0.165651,0.178336,0.274236
498,0.646434,-0.125696,8.6694,-0.0193274,0.0250975,0.00633535,0.165118,0.178853,0.274146
499,0.573411,-0.131681,8.89565,0.0171779,0.0112415,-0.007987,0.165053,0.179405,0.273944
500,0.544681,-0.140061,8.50899,0.0837935,0.005779,-0.0195115,0.16636,0.179253,0.273713
501,0.36751,-0.35913,8.14746,0.100581,0.00411361,-0.100183,0.169325,0.179304,0.271633
502,0.611718,-0.262165,8.07564,0.0854589,0.00651178,-0.124364,0.17172,0.179445,0.268648
503,0.474052,-0.903811,8.1319,0.0278364,0.0167706,-0.197975,0.173128,0.179488,0.260203
504,0.482432,-0.822408,8.31506,0.00325525,0.0460814,-0.0938545,0.173181,0.18039,0.25606
505,0.5782,-0.636857,8.12711,0.0328992,0.0568066,-0.0530858,0.173858,0.18193,0.254459
506,0.531512,-0.725443,8.11036,-0.0634269,0.0269628,-0.0507542,0.173814,0.182915,0.253062
507,-0.0514753,-0.639252,8.32463,-0.0504369,0.0181029,-0.0345666,0.173329,0.183938,0.253632
508,0.547075,-0.810437,8.33062,0.0261044,0.00284792,-0.0340337,0.173389,0.184302,0.252492
509,0.499191,-0.794875,8.83819,0.0678058,0.00138237,-0.0478897,0.175269,0.184221,0.251366
510,0.271742,-1.1971,8.49223,0.055815,-0.00687797,-0.0604135,0.176844,0.18433,0.250151
511,0.362721,-1.22344,8.57243,0.043158,0.0159046,-0.0628782,0.177942,0.184527,0.248374
512,0.328005,-1.09056,9.2464,0.0715362,0.0421511,-0.0626784,0.179934,0.185574,0.246485
513,0.543483,-0.96606,8.8334,0.086991,0.0334245,-0.0708721,0.181661,0.186494,0.244827
514,0.746991,-0.939724,9.25837,0.0275699,0.0377545,-0.1221,0.181952,0.187446,0.240791
515,0.695515,-0.575805,9.56483,0.0113157,0.0230991,-0.0810643,0.183156,0.188585,0.238535
516,0.482431,-0.377087,8.93276,-0.014731,0.0421511,-0.0934548,0.182651,0.189393,0.235992
517,0.342371,-0.952892,9.2081,0.0125148,0.0764582,-0.0782665,0.182338,0.191357,0.233486
518,0.257377,-0.647631,8.84058,0.00678588,0.017903,-0.0341669,0.182647,0.192584,0.232198
519,0.150835,-0.348356,8.64905,0.0259046,-0.0269959,0.00207196,0.183261,0.192274,0.231909
520,0.183156,-0.391452,9.13507,0.00971696,-0.0295273,0.0187258,0.183699,0.191366,0.232323
521,0.39624,-0.335188,9.10395,0.0121151,-0.0381873,0.00566919,0.182981,0.190264,0.231181
522,0.241814,0.0921767,8.89685,0.00572003,-0.0451153,0.00473658,0.18346,0.188913,0.231389
523,0.0526724,-0.196324,9.25837,-0.0578313,0.0000500605,-0.0185123,0.182398,0.188268,0.231032
524,0.0383072,0.0706289,8.94833,-0.022525,0.0146389,-0.0389632,0.180753,0.188629,0.230179
525,-0.0981622,0.116119,8.86812,0.0746672,0.0200347,0.0111983,0.182253,0.189257,0.231439
526,-0.372298,-0.250194,8.73285,0.119633,0.0186358,-0.000192977,0.185575,0.189853,0.231971
527,-0.0335188,-0.323217,8.52335,0.136287,0.00338084,0.0365788,0.190104,0.19043,0.232845
528,0.181959,-0.149638,8.24084,0.11497,-0.0223994,0.010732,0.193916,0.190016,0.233639
529,0.469263,-0.405817,8.29351,0.104711,-0.0273289,0.0365122,0.196868,0.189253,0.233168
530,0.411803,-0.254982,8.55687,0.0234398,-0.0198014,0.0478369,0.198365,0.188518,0.234592
531,0.338779,-0.468066,8.57603,-0.0211261,0.00344746,0.0358461,0.198243,0.188518,0.235757
532,0.23104,-0.647631,8.30907,-0.0437087,0.010109,0.0312496,0.197217,0.188758,0.236589
533,-0.131681,-0.694318,8.38808,-0.0401115,0.00204853,0.0574295,0.195938,0.188979,0.237852
534,-0.0490811,-0.454898,8.67419,-0.0263221,-0.02593,0.0752825,0.195255,0.18854,0.23987
535,0.0873883,-0.672771,8.69933,-0.0600962,-0.0204009,0.0792794,0.193803,0.18786,0.241961
536,0.0634463,-0.59017,8.44315,-0.0630939,-0.0205342,0.0731508,0.191935,0.187309,0.2442
537,-0.0023942,-0.545878,8.41681,-0.0430426,-0.0440495,0.0829433,0.190561,0.186544,0.246091
538,-0.0933738,-0.401029,8.88009,-0.0463734,-0.0454484,0.0958001,0.189226,0.185203,0.2486
539,0.172382,-0.180762,8.93635,-0.0768833,-0.00467965,0.0744165,0.187565,0.18449,0.251164
540,0.241814,-0.403423,8.82024,-0.0574316,0.0129735,0.0538989,0.185553,0.184963,0.252629
541,0.365116,-1.01754,8.52455,-0.0362478,0.0382208,0.260873,0.183132,0.185497,0.254738
542,-0.130484,-0.767341,8.8334,-0.11199,0.0261634,0.189995,0.180177,0.186468,0.260951
543,0.0682347,-1.01035,8.43118,-0.0647593,0.0137063,0.159085,0.177432,0.18686,0.264586
544,0.213084,-0.600944,9.17338,0.059612,0.0238984,0.220105,0.177705,0.187309,0.269945
545,0.603339,0.152032,9.78629,-0.0269216,0.0465477,0.214576,0.17838,0.188474,0.276116
546,0.591367,0.035913,9.64863,-0.0261222,0.0999068,0.199188,0.177294,0.190537,0.281823
547,0.775721,0.299275,8.96867,0.0106496,0.0947108,0.142031,0.177095,0.193426,0.286178
548,0.780509,0.201113,8.49941,0.0290355,0.0243648,0.112521,0.177497,0.195008,0.289552
549,0.474052,0.0311246,8.73644,0.0243724,0.00997579,0.106925,0.178173,0.195323,0.292456
550,0.420182,-0.0945709,8.53892,0.0261044,0.0113747,0.126843,0.178386,0.195665,0.295682
551,0.568623,0.530315,8.78911,0.0072522,-0.00094917,0.0293844,0.179812,0.195843,0.299208
552,0.721852,0.470461,9.0393,0.00258909,0.00717793,0.0716852,0.180749,0.195968,0.301176
553,0.724246,0.492008,9.03332,-0.0319844,0.0177032,0.100263,0.18023,0.196401,0.303549
554,0.870292,0.456095,8.62271,-0.0207264,0.0278954,0.0510344,0.178922,0.196991,0.305008
555,1.04148,0.353145,8.45991,0.00938389,0.0102422,0.0467044,0.178778,0.197509,0.30601
556,0.778115,0.0766144,8.25042,-0.0173956,-0.0127401,0.0283185,0.178433,0.19758,0.306908
557,0.618901,-0.116119,8.15585,-0.0264553,-0.0203343,0.0383108,0.177518,0.196853,0.307869
558,0.739808,-0.153229,8.36174,-0.0283872,-0.0114744,0.0324487,0.176711,0.196474,0.308872
559,0.682347,-0.203507,8.30907,0.026171,-0.0283948,0.0287848,0.17689,0.196005,0.309643
560,0.573411,-0.154426,8.6287,0.0366963,-0.0397861,0.0369119,0.178292,0.194968,0.310456
561,0.620098,-0.360327,8.9579,0.0247055,-0.0375877,-0.00299083,0.179124,0.19401,0.310942
562,0.687136,-0.277727,8.77115,0.0581465,-0.0470472,-0.00792038,0.180186,0.192898,0.310862
563,0.719457,-0.296881,8.76158,0.0921871,-0.0462478,-0.0297703,0.182636,0.19149,0.310341
564,0.691924,-0.456095,8.74841,0.0725355,-0.0372547,-0.0403622,0.18487,0.190341,0.309445
565,0.808043,-0.347159,8.70412,0.0372958,-0.0322585,-0.0680743,0.186431,0.189319,0.307957
566,0.707486,-0.414197,8.65025,0.00918404,-0.00701119,-0.0856608,0.187336,0.188712,0.305841
567,0.507571,-0.316034,8.72926,-0.0540342,0.0493456,-0.0948537,0.186356,0.189418,0.303302
568,0.447716,-0.372298,8.56645,-0.051636,0.0543418,-0.106312,0.185163,0.191001,0.30058
569,0.424971,-0.238223,8.66581,-0.135838,0.08272,-0.14335,0.182643,0.192869,0.29705
570,0.27653,-0.544681,8.64905,-0.122648,0.0722614,-0.144482,0.178823,0.195093,0.29302
571,0.0395043,-0.226252,8.88847,-0.132041,0.0420179,-0.19098,0.174138,0.196812,0.286887
572,-0.17358,0.411803,9.07761,-0.0722202,-0.0273289,-0.188915,0.171611,0.196873,0.282078
573,-0.329203,0.336385,8.71249,-0.0391789,-0.0576391,-0.266256,0.170538,0.195583,0.275839
574,-0.0981622,-0.226252,8.10796,0.0356304,-0.0637677,-0.277181,0.170101,0.193843,0.267727
575,-0.39624,-0.136469,8.12592,0.0708701,-0.107068,-0.256263,0.171354,0.191409,0.259639
576,-0.665588,-0.00359131,8.68616,0.074867,-0.166156,-0.237345,0.173009,0.187441,0.253085
577,-0.841562,0.374692,9.13627,0.0673394,-0.181144,-0.331539,0.176089,0.182226,0.245964
578,-0.567425,0.225055,9.17577,0.0919872,-0.131049,-0.319481,0.179201,0.178239,0.23838
579,-0.484826,-0.0371101,8.86812,0.0512185,-0.0761582,-0.301029,0.181716,0.175659,0.230393
580,-0.699107,0.341174,8.96867,-0.000075534,0.0139727,-0.362715,0.182559,0.174829,0.220643
581,-0.618901,0.272939,9.15662,-0.0171957,0.107434,-0.45218,0.182388,0.176679,0.210158
582,-0.600945,0.35075,8.81186,-0.0730862,0.152067,-0.559098,0.180926,0.180499,0.196103
583,-0.96606,0.174777,8.95072,-0.071221,0.16106,-0.654958,0.178852,0.185326,0.177803
584,-1.07739,0.225055,9.02614,-0.0626276,0.139743,-0.702055,0.177367,0.189395,0.159517
585,-1.01394,0.143652,9.27992,-0.0351819,0.149469,-0.797315,0.175581,0.193145,0.138632
586,-1.22583,0.779312,9.34337,-0.0413772,0.157596,-1.05285,0.175878,0.197682,0.114548
587,-0.186748,0.422576,9.10874,0.0338984,0.143074,-1.05412,0.176548,0.201973,0.0849116
588,-0.264559,0.432153,9.15662,-0.0600962,0.152666,-1.11174,0.176133,0.205865,0.0554069
589,0.21069,0.429759,8.80587,-0.0210594,0.17425,-1.12253,0.175429,0.210502,0.0258784
590,-0.0442927,0.083797,8.56645,0.0313004,0.163058,-1.16124,0.175839,0.215163,-0.00519656
591,-0.118513,0.0993593,8.4228,0.0251718,0.164924,-1.21066,0.176901,0.219635,-0.0373025
592,-0.071826,-0.172382,8.35696,-0.021659,0.173184,-1.27408,0.176463,0.224656,-0.0746506
593,0.0167594,-0.0155623,8.40604,-0.0318512,0.151467,-1.28514,0.175779,0.228835,-0.106774
594,0.287304,0.152032,8.37372,0.00945049,0.131816,-1.33044,0.175233,0.232647,-0.142557
595,0.647631,-0.32202,8.36294,0.0642085,0.139476,-1.3431,0.176794,0.236442,-0.18213
596,0.633266,-0.312443,8.72566,0.03623,0.157196,-1.40585,0.17767,0.240391,-0.217217
597,0.629675,0.168791,9.37569,0.0416925,0.155264,-1.48239,0.178624,0.244678,-0.256884
598,0.857124,0.602142,9.42717,0.116502,0.175782,-1.60216,0.180839,0.249422,-0.302257
599,1.04028,0.0993593,9.06923,0.161134,0.207624,-1.72001,0.185079,0.254498,-0.345129
600,0.982819,-0.167594,8.2133,0.0673394,0.181711,-1.79302,0.188146,0.259882,-0.393435
601,1.02472,-0.1652,7.62433,0.111972,0.106568,-1.73246,0.192472,0.264237,-0.442347
602,0.83797,-0.101754,8.44554,0.0945852,0.0320922,-1.84964,0.195192,0.265862,-0.488703
603,0.831985,-0.059855,8.62271,0.08839,-0.0241314,-1.84911,0.198328,0.265684,-0.543015
604,0.806846,-0.223858,8.76158,0.0255049,0.000849444,-1.82899,0.199634,0.265095,-0.593252
605,0.591367,-0.0766144,9.40562,0.0153793,0.0259635,-1.80188,0.199821,0.265698,-0.64282
606,0.685939,0.355539,9.43794,0.134288,0.0173701,-1.79122,0.201941,0.266315,-0.691863
607,0.654814,-0.597353,8.77115,0.0729352,0.00864347,-1.73859,0.204992,0.26664,-0.740257
608,0.497994,-0.907402,8.65743,0.0266373,0.00371392,-1.67204,0.205407,0.266725,-0.786778
609,0.578199,-0.778115,8.62989,0.0747338,-0.0301268,-1.53402,0.206525,0.266115,-0.831441
610,0.457292,-0.671573,9.14824,0.107642,-0.0479132,-1.49538,0.208762,0.264651,-0.873281
611,0.68953,-0.603338,9.52054,0.091321,-0.00341395,-1.41218,0.211557,0.264108,-0.912714
612,0.71826,-0.685939,8.88607,0.0857254,0.0161044,-1.3351,0.214142,0.264419,-0.950339
613,0.739808,-0.860715,8.4204,0.0574137,0.0171037,-1.23744,0.216367,0.264991,-0.984568
614,0.845153,-0.794875,8.62391,0.077465,0.0284949,-1.1613,0.218311,0.26601,-1.0165
615,0.812831,-0.938527,8.2983,0.0777315,0.0234988,-1.15164,0.22084,0.26662,-1.04815
616,0.658405,-1.51553,8.12472,0.0378954,0.0182361,-1.03513,0.222339,0.267346,-1.07821
617,0.47884,-1.43652,8.1319,-0.0135985,0.0416182,-0.973713,0.222199,0.267892,-1.1059
618,0.650026,-1.63524,8.43716,0.0142468,0.0963096,-0.863997,0.222681,0.26999,-1.13243
619,0.645237,-1.20069,8.66102,-0.0870089,0.101772,-0.896639,0.221495,0.272591,-1.15395
620,0.684741,-1.09654,9.0429,-0.000541843,0.0864505,-0.850208,0.220296,0.275067,-1.17834
621,0.581791,-1.20787,9.47266,0.0109827,0.0620026,-0.700656,0.221332,0.276997,-1.20005
622,0.713472,-1.33357,9.23323,0.0182438,0.0991075,-0.614988,0.221601,0.279277,-1.2179
623,0.833182,-1.2402,8.59877,0.060478,0.134813,-0.570289,0.222266,0.282663,-1.23439
624,0.556652,-1.53827,8.34499,0.0465554,0.107035,-0.531252,0.22435,0.286932,-1.25377
625,0.307655,-1.61728,8.43836,0.0785975,0.0771243,-0.465503,0.226063,0.289416,-1.26698
626,0.458489,-1.51313,8.48385,0.112905,0.0399528,-0.444386,0.228876,0.290941,-1.27928
627,0.271742,-1.59454,8.76637,0.118633,0.041818,-0.375972,0.232083,0.291936,-1.29111
628,0.0574608,-1.87466,8.45991,0.0769987,0.0390868,-0.354988,0.234722,0.293083,-1.3007
629,0.198719,-1.86149,8.25161,0.0868578,0.00997578,-0.323478,0.236808,0.293792,-1.31017
630,0.269348,-1.84114,8.30788,0.107375,-0.0202011,-0.272917,0.239755,0.293557,-1.31819
631,0.186748,-1.95008,8.49103,0.0881901,-0.0257968,-0.217293,0.242299,0.292812,-1.32481
632,0.337582,-1.93212,8.40604,0.0649413,0.0019153,-0.161603,0.244421,0.292587,-1.32982
633,0.428562,-1.88663,8.39646,0.0324329,-0.00208164,-0.114106,0.245357,0.292709,-1.33348
634,0.439336,-1.78368,8.47786,0.0564145,-0.0116077,-0.087526,0.246719,0.29246,-1.33619
635,0.341174,-1.91656,8.53413,0.0299015,-0.0170701,-0.0700727,0.247118,0.292001,-1.33943
636,0.286107,-1.79086,8.76278,0.0293686,-0.0399193,-0.0337006,0.247988,0.291181,-1.34057
637,0.141258,-1.80044,8.78312,0.0432246,-0.0864836,-0.0119173,0.249037,0.289255,-1.34105
638,0.11971,-1.72382,8.74362,0.0474214,-0.110066,0.000606412,0.250293,0.286396,-1.34122
639,0.0107739,-1.52391,8.89206,0.0439574,-0.121723,0.014196,0.251903,0.282898,-1.34109
640,0.0263362,-1.30484,8.98064,0.0372292,-0.129251,0.025454,0.253309,0.279762,-1.34057
641,0.154426,-1.18872,8.82502,-0.00140784,-0.136112,0.0492358,0.254104,0.276088,-1.33948
642,0.168791,-1.1564,8.9998,-0.0625609,-0.14737,0.0749494,0.253011,0.271877,-1.33757
643,0.465672,-0.905008,8.98663,-0.068956,-0.114396,0.0927358,0.251262,0.268359,-1.33537
644,0.538695,-0.737414,9.25718,-0.0529017,-0.106602,0.119049,0.250067,0.265337,-1.33228
645,0.582988,-0.158017,10.2591,-0.0647593,-0.075492,0.105726,0.248189,0.262779,-1.32909
646,0.873883,0.181959,10.3082,-0.075018,0.00904317,0.0640244,0.24611,0.262163,-1.32693
647,0.742202,-0.281319,9.44871,-0.0592302,0.0403525,0.0377779,0.244396,0.263084,-1.32575
648,0.55306,-0.446518,8.28992,-0.0716207,0.0399528,0.100263,0.242565,0.263894,-1.32444
649,0.458489,-0.68953,7.95952,-0.126245,0.0408854,0.0791462,0.239887,0.265265,-1.32226
650,0.690727,-0.430956,8.47308,-0.096002,0.0456151,0.10406,0.236737,0.2664,-1.31969
651,0.733823,0.12809,9.02973,-0.103263,0.0642009,-0.0189786,0.234464,0.267867,-1.31888
652,0.938527,0.0634463,8.91241,-0.0477057,0.0508111,-0.0297037,0.232196,0.269326,-1.31995
653,0.99479,-0.196324,8.82502,0.0314336,0.032292,0.0754823,0.232046,0.270478,-1.31911
654,0.737414,-0.132878,8.24922,0.0449566,0.0123739,0.0325153,0.233168,0.271165,-1.31777
655,0.976834,-0.325611,7.8039,0.118434,-0.0280617,0.0276523,0.235512,0.270922,-1.31688
656,0.986411,-0.587776,7.88051,0.145413,-0.0578389,0.0383774,0.239545,0.269663,-1.31595
657,0.790086,-0.537498,7.97748,0.0930531,-0.0520433,0.0394433,0.243176,0.267904,-1.31477
658,0.739808,-0.556652,8.20493,0.063609,-0.0222662,0.0768813,0.244744,0.267102,-1.31361
659,0.676362,-0.465672,8.40484,0.0963839,-0.0346567,0.0269196,0.24664,0.266174,-1.31264
660,0.6608,-0.610521,8.61194,0.0933861,-0.0128734,0.00520289,0.249653,0.265463,-1.31276
661,0.544681,-0.63566,8.81186,0.0629428,0.00644516,-0.0041233,0.252081,0.265547,-1.31224
662,0.481234,-0.852335,8.68855,0.0223739,-0.00294764,-0.0340337,0.252995,0.265652,-1.31281
663,0.471658,-0.733823,8.96628,0.0267039,0.0143724,-0.0985842,0.253505,0.265797,-1.31609
664,0.366313,-0.794875,8.97945,-0.0000755265,0.00851024,-0.0964525,0.253827,0.266155,-1.31904
665,0.551863,-0.693121,8.74721,-0.0636268,0.0413517,-0.0959196,0.252961,0.266883,-1.32163
666,0.69791,-0.44173,9.35294,-0.119717,0.0592047,-0.107644,0.250141,0.268517,-1.32429
667,0.511162,-0.216675,9.34097,-0.126845,0.0489459,-0.112041,0.246474,0.27013,-1.32736
668,-0.420182,-0.0490811,9.92516,-0.131441,0.0344237,-0.229484,0.243738,0.271217,-1.3305
669,0.391452,-0.26815,9.85333,0.000457399,-0.00274779,-0.165599,0.242459,0.271621,-1.33606
670,0.585382,-0.184353,9.33379,0.0438908,-0.0132064,-0.0921891,0.24337,0.271303,-1.34004
671,0.446518,-0.229843,8.82622,-0.0196605,-0.00101579,-0.061879,0.243701,0.270869,-1.34162
672,0.169988,-0.392649,8.85615,-0.00720341,0.0280952,-0.0602136,0.243212,0.271545,-1.34328
673,-0.102951,-0.186748,8.60236,0.0486871,-0.0195349,-0.00245791,0.244826,0.271136,-1.34274
674,-0.124498,-0.378284,8.68975,0.0566143,-0.0173366,-0.0198446,0.24631,0.270868,-1.34272
675,-0.295684,-0.232238,9.32302,0.113904,-0.0322585,0.0394433,0.249286,0.270239,-1.34091
676,0.0287304,-0.0466869,9.0824,0.153207,-0.014672,0.0272526,0.25309,0.26965,-1.33961
677,-0.0071826,-0.678756,8.15465,0.123363,0.00211515,0.0364456,0.256758,0.269868,-1.33895
678,0.324414,-0.472855,7.8015,0.0986488,-0.0237317,0.0591615,0.259586,0.269459,-1.33768
679,0.31364,-0.567425,7.6387,0.0610776,-0.01727,0.0570298,0.262021,0.268896,-1.33599
680,0.318429,-0.624887,7.40885,-0.0459737,-0.0201345,0.0265199,0.261886,0.268469,-1.33512
681,0.226252,-0.91219,7.86495,-0.0680901,-0.0263963,0.0349801,0.259889,0.26782,-1.33414
682,0.184353,-0.876277,7.69855,-0.0350487,-0.0605701,0.0580957,0.258461,0.266595,-1.33299
683,0.289698,-0.939724,8.11395,-0.0829453,-0.0764246,0.0870734,0.256814,0.264503,-1.33088
684,0.201113,-1.01873,8.752,-0.15036,-0.0762914,0.0952006,0.25293,0.262233,-1.32859
685,0.323217,-0.80924,8.49941,-0.157555,-0.0864836,0.0961332,0.248555,0.260285,-1.32601
686,0.222661,-0.766144,8.95311,-0.112323,-0.0981413,0.121114,0.244871,0.257552,-1.32321
687,0.143652,-0.628478,9.36132,-0.0774162,-0.0769576,0.138634,0.242439,0.254958,-1.31955
688,0.278924,-0.621295,9.25598,-0.0245901,-0.042051,0.150825,0.241029,0.253387,-1.31557
689,0.567425,-0.658405,9.11233,-0.0482386,-0.0148052,0.169943,0.240166,0.252722,-1.31129
690,0.459687,-0.389058,9.13747,-0.0313182,0.000316523,0.201852,0.238413,0.252736,-1.30596
691,0.927753,0.31364,9.87847,0.0291021,0.00511285,0.181001,0.238464,0.252683,-1.3007
692,0.729034,0.373495,10.3872,0.039694,0.073194,0.143031,0.239309,0.253735,-1.29638
693,0.642843,-0.150835,9.46786,0.0320332,0.105036,0.123379,0.240329,0.256391,-1.29248
694,0.81762,-0.347159,8.5018,0.0263709,0.101572,0.109256,0.241005,0.259262,-1.28941
695,0.815225,-0.834379,8.02177,-0.00387262,0.046148,0.105326,0.241384,0.261482,-1.28673
696,0.788889,-0.622492,8.48385,0.0376289,-0.0395196,0.129308,0.241495,0.260953,-1.28328
697,0.851138,-0.237026,9.40921,0.04489,-0.0405854,0.0360459,0.242009,0.259619,-1.28266
698,0.847547,0.185551,9.96825,0.0937192,-0.0110081,0.079013,0.243972,0.258876,-1.28076
699,0.656011,0.189142,9.21767,0.115569,0.00837701,0.00720135,0.246801,0.258841,-1.27915
700,0.952892,0.0550666,8.28034,0.0616105,0.0480133,0.0197917,0.249881,0.259975,-1.27961
701,0.934936,-0.219069,7.53575,-0.002074,0.0436167,0.0199915,0.25045,0.261165,-1.27905
702,0.59855,-0.254982,7.71052,0.0375623,0.0215669,0.0145291,0.251572,0.262203,-1.27687
703,0.725443,-0.446518,7.99543,0.0322997,0.0215669,-0.0117841,0.253169,0.262716,-1.27725
704,0.658405,-0.587776,8.32823,-0.0574982,0.0128402,-0.0110513,0.252509,0.26316,-1.27748
705,0.774524,-0.372298,8.16662,-0.0785487,0.0236986,-0.12543,0.250586,0.263673,-1.27956
706,1.00916,-0.420182,8.22528,-0.071554,0.0347568,-0.115638,0.249312,0.264723,-1.28282
707,0.888248,-0.810437,8.34618,-0.0992661,0.0224329,-0.107444,0.246671,0.265317,-1.28575
708,0.786495,-0.679953,8.66821,-0.0321176,0.0338242,-0.112973,0.244947,0.266094,-1.28879
709,0.737414,-0.84635,8.95311,-0.0146643,0.0167706,-0.100716,0.244583,0.266917,-1.29177
710,0.731428,-0.828393,9.12789,-0.00693692,0.038354,-0.0517534,0.244269,0.267658,-1.29324
711,0.71826,-0.767341,8.88847,-0.0116,0.0552744,-0.105246,0.243691,0.269229,-1.29584
712,0.913388,-0.811634,8.67538,-0.00220723,0.0132399,-0.116304,0.244045,0.270099,-1.29889
713,0.641646,-0.556652,9.50258,-0.0229247,-0.0124071,-0.119368,0.242813,0.269896,-1.30237
714,0.190339,-0.253785,9.83418,-0.00793617,0.0217667,-0.0939878,0.242799,0.26991,-1.30508
715,-0.059855,-0.0299275,9.71207,-0.0513695,0.0368219,-0.185917,0.24138,0.270761,-1.30878
716,0.472855,-0.260968,8.89925,0.00398803,0.00371391,-0.227818,0.240843,0.271357,-1.31493
717,0.622492,-0.711078,8.8346,0.0476878,-0.0268626,-0.0582818,0.241835,0.271091,-1.31843
718,0.477643,-0.195127,9.15902,0.00252249,-0.0561735,0.0265865,0.242431,0.269879,-1.31795
719,0.368707,0.280121,9.30985,0.0115822,-0.0451153,0.00713474,0.242589,0.268392,-1.31736
720,0.100556,0.118513,9.63426,0.0860584,-0.00754412,-0.0136493,0.243686,0.267708,-1.31764
721,-0.126893,0.0897825,9.22725,0.175257,0.00804393,0.0570964,0.247825,0.267868,-1.31753
722,0.0586579,0.19393,8.86094,0.194509,-0.00774397,0.0645574,0.252934,0.267723,-1.31602
723,0.332794,0.177171,8.35456,0.184516,0.0116412,0.0503683,0.257954,0.267641,-1.31443
724,0.632069,0.180762,7.74285,0.129492,0.0358893,0.0145957,0.262433,0.26852,-1.31369
725,0.596156,-0.0323217,7.27598,0.051818,0.017903,-0.0202443,0.264784,0.26917,-1.31375
726,0.855927,-0.647631,7.44596,0.0301013,0.0364222,0.0868736,0.264352,0.26975,-1.31438
727,0.160411,-0.471658,7.49385,-0.041244,-0.0150717,-0.0307695,0.263062,0.269992,-1.31412
728,0.190339,-0.825999,7.55251,-0.0252562,-0.0758251,-0.028438,0.262198,0.268618,-1.31524
729,-0.00957681,-1.06422,8.14866,-0.0181283,-0.0878159,0.0130635,0.261801,0.266222,-1.3154
730,0.153229,-1.18154,8.06367,-0.0391789,-0.0738266,0.0501684,0.260655,0.264053,-1.31436
731,0.161609,-1.04507,8.26478,-0.0634269,-0.0966758,0.0778805,0.259028,0.26183,-1.31258
732,0.195127,-0.593762,9.16619,-0.0535678,-0.0866168,0.103528,0.257693,0.259144,-1.30993
733,0.390255,-0.323217,9.71806,-0.0508366,-0.0497784,0.101263,0.256037,0.257483,-1.3071
734,0.687136,-0.161609,9.31224,-0.101198,-0.0698297,0.0902044,0.254063,0.255671,-1.30434
735,0.757765,-0.567425,9.15183,-0.170012,-0.0693634,0.0840757,0.249182,0.253937,-1.30227
736,0.873883,-0.65242,9.11233,-0.0141314,-0.0705625,0.0891385,0.246629,0.252022,-1.30004
737,0.943315,-0.105345,10.0521,0.14901,-0.0880158,0.0566967,0.250667,0.249461,-1.2972
738,0.779312,1.12049,11.5867,0.111306,-0.0517769,0.0952006,0.254442,0.247659,-1.29473
739,0.865504,0.869095,10.562,0.0493532,0.0290945,0.0219234,0.257513,0.247413,-1.29371
740,1.17076,-0.209493,8.94353,0.0181105,0.084985,0.10426,0.258908,0.249485,-1.29157
741,1.11091,-0.395043,8.26358,-0.004672,0.0645339,0.1397,0.258707,0.25172,-1.28817
742,1.06542,0.0945709,8.38568,0.0967836,0.0378211,0.158152,0.260146,0.252845,-1.28405
743,1.09894,0.319626,9.52652,0.115969,0.0538755,0.12671,0.263821,0.254212,-1.27927
744,1.18154,0.742202,9.26436,0.0360301,0.0584719,0.0622258,0.265658,0.255733,-1.27666
745,1.13605,0.290895,7.93318,0.0425585,0.0562736,0.0241883,0.267091,0.257465,-1.27573
746,1.04387,0.100556,7.37653,0.0560814,0.0376212,0.0498353,0.268474,0.258816,-1.27421
747,0.946907,0.0502782,7.64109,0.0237062,-0.000815939,0.0258537,0.269619,0.25934,-1.27328
748,1.1157,-0.12809,7.4735,0.0983157,-0.0134729,0.0500352,0.271027,0.258795,-1.27244
749,0.712275,-0.374692,7.69975,0.0626097,-0.0346567,0.0155949,0.273464,0.258095,-1.27186
750,0.842759,-0.264559,7.90685,-0.00313984,-0.0347233,-0.0167803,0.27405,0.257038,-1.27187
751,1.1157,-0.446518,7.83263,0.0177108,-0.0114744,-0.0508208,0.273707,0.256414,-1.27305
752,0.822408,-0.788889,7.93199,-0.00926848,-0.0221995,-0.0591478,0.274186,0.256153,-1.27423
753,0.667982,-0.659602,8.40723,-0.0578979,-0.0150717,-0.0897244,0.273694,0.255896,-1.27511
754,0.808043,-0.919373,8.67299,0.0213747,-0.00947597,-0.103714,0.273069,0.25553,-1.2781
755,0.893037,-0.615309,8.95311,0.00778511,0.00451331,-0.113506,0.273138,0.255395,-1.28071
756,0.902614,-0.462081,9.18655,-0.0741521,0.0442828,-0.0897243,0.27187,0.256188,-1.28375
757,0.778115,-0.460884,9.25119,-0.062561,0.0562736,-0.0790658,0.269097,0.257757,-1.28622
758,0.91219,-0.377087,9.10275,-0.0388458,0.0545416,-0.0802649,0.268044,0.259086,-1.28816
759,0.721852,-0.292092,9.40562,-0.0477723,0.0645339,-0.0913231,0.266978,0.260745,-1.29034
760,0.614113,-0.405817,9.6606,-0.148428,0.0767246,-0.0999832,0.264014,0.262897,-1.29344
761,0.286107,0.0071826,9.3326,-0.101464,0.06107,-0.0913231,0.259868,0.264674,-1.29587
762,0.0849941,1.0307,9.84136,0.0517514,-0.00334733,-0.243273,0.260381,0.265426,-1.29978
763,0.257377,0.275333,9.54927,0.116768,-0.0551743,-0.233281,0.263503,0.264367,-1.30816
764,0.451307,-0.0502782,8.55807,0.0107162,-0.0437164,-0.0983844,0.264753,0.262839,-1.31246
765,0.215478,0.0921767,8.46111,-0.0286536,-0.0744262,-0.0912565,0.263904,0.261317,-1.31493
766,0.0454898,0.289698,9.01297,0.129825,-0.0732937,0.0217902,0.265401,0.259171,-1.31551
767,-0.292092,0.310049,9.93953,0.174457,-0.0389201,0.00919982,0.270532,0.257722,-1.31424
768,0.0514753,0.0909796,9.55166,0.174524,0.0181695,-0.0162473,0.274938,0.257596,-1.31519
769,0.305261,-0.0730231,8.57243,0.171326,0.0173035,0.0233889,0.279713,0.258313,-1.31488
770,0.51595,-0.0383072,7.87572,0.124296,0.00444669,0.0396432,0.283881,0.258468,-1.31391
771,0.626084,-0.137667,7.51779,0.0775982,0.0182361,0.0393101,0.286463,0.258799,-1.31285
772,0.489614,-0.454898,7.46272,-0.015064,0.00904316,0.0653568,0.288173,0.259454,-1.31008
773,0.456095,-0.311246,7.45075,-0.0505701,-0.0202011,0.0375115,0.286771,0.259166,-1.30845
774,0.551863,-0.472855,7.72609,-0.0042057,-0.0308596,0.0373116,0.285996,0.258322,-1.30787
775,0.372298,-0.731428,7.99184,-0.0734193,-0.0427838,0.0414418,0.285176,0.257145,-1.30679
776,0.243011,-0.751779,8.19056,-0.123314,-0.0563067,0.0742832,0.282027,0.255711,-1.30523
777,0.252588,-0.659602,8.50779,-0.104396,-0.0598374,0.105393,0.279527,0.254376,-1.30261
778,0.0538695,-0.453701,9.03452,-0.142966,-0.0835525,0.109789,0.27551,0.252049,-1.29993
779,0.233435,-0.251391,9.14345,-0.104729,-0.0833527,0.14856,0.272624,0.249928,-1.29652
780,0.494402,-0.180762,9.16859,-0.122981,-0.0708289,0.142831,0.269775,0.247909,-1.29248
781,0.274136,-0.0778115,9.53371,-0.12951,-0.0228657,0.10859,0.266414,0.246559,-1.28911
782,0.96606,0.0263362,9.2476,-0.137703,0.0480799,0.0678215,0.262576,0.247252,-1.28681
783,0.751779,0.0646434,9.34816,-0.0782156,0.0177698,0.0657565,0.259465,0.248481,-1.28494
784,0.744596,0.584185,9.82221,0.0402935,-0.0337906,0.0841424,0.259827,0.247982,-1.28178
785,0.788889,0.557849,9.65701,0.0698042,-0.00814366,0.0364456,0.261324,0.247242,-1.2805
786,0.733823,0.223858,9.55046,0.0177775,0.0352231,0.0248545,0.261879,0.247709,-1.27994
787,0.436942,0.0407014,8.87889,0.0792636,0.0528762,0.0442396,0.265313,0.249122,-1.27726
788,0.831985,-0.353145,8.63469,0.154806,0.0440163,0.0808116,0.269057,0.250508,-1.27564
789,1.12049,0.0634463,9.33499,0.0824612,0.0155049,0.0143292,0.272365,0.251189,-1.27386
790,1.12767,0.494403,9.54568,0.161267,0.0182361,0.0629586,0.275942,0.251483,-1.2727
791,1.16957,0.636857,9.47385,0.148144,0.0739267,0.0869402,0.28064,0.252791,-1.27034
792,1.15161,0.409408,8.55448,0.0776649,0.0899811,0.0778805,0.283812,0.255395,-1.26778
793,1.3228,0.221464,7.58603,0.0749336,0.0737935,0.0593614,0.285446,0.257602,-1.26592
794,1.22104,0.0742202,7.17422,0.0506189,0.0537422,0.0328484,0.287207,0.259254,-1.26484
795,1.00556,-0.235829,7.34301,0.0118487,0.0255638,0.0817442,0.288362,0.260221,-1.26288
796,0.767341,-0.11133,7.58842,-0.0397118,0.00644516,0.0499686,0.287968,0.260633,-1.26134
797,0.696712,-0.228646,7.69377,-0.0525686,-0.00161533,-0.0176463,0.286241,0.260635,-1.26155
798,0.696712,-0.410605,7.99424,-0.0288535,-0.0210671,-0.0163806,0.285663,0.260318,-1.262
799,0.873883,-0.429759,8.34977,-0.0666911,-0.0317256,-0.0304365,0.284213,0.259562,-1.2626
800,0.823605,-0.180762,8.59518,-0.0589637,-0.0511107,-0.0544847,0.282214,0.258335,-1.26374
801,1.0319,-0.217872,8.94713,-0.00453877,-0.0629683,-0.105979,0.280104,0.256461,-1.26835
802,0.867898,0.11971,9.16261,-0.0250564,-0.0594377,-0.136422,0.280292,0.25481,-1.27143
803,0.972045,-0.167594,9.09437,-0.115054,-0.0501781,-0.102048,0.278506,0.253157,-1.27435
804,0.934936,0.0646434,9.31823,-0.189997,0.0061787,-0.119701,0.273703,0.252495,-1.2776
805,0.610521,0.306458,9.69532,-0.17301,0.0456817,-0.149545,0.269089,0.253447,-1.28123
806,0.438139,0.265756,9.69651,-0.0597631,-0.0120074,-0.122299,0.266066,0.254153,-1.28504
807,0.195127,0.899022,10.2951,0.10984,-0.10427,-0.102914,0.267423,0.251771,-1.28797
808,0.40462,0.603338,9.827,0.0579467,-0.055574,-0.170396,0.268763,0.249121,-1.29421
809,0.548272,0.0909796,8.54729,-0.064626,0.034024,-0.133557,0.267577,0.249093,-1.29812
810,0.559046,0.457292,8.2169,0.0420921,0.0534758,0.0147289,0.265657,0.250138,-1.30207
811,-0.126893,0.647631,9.02135,0.142415,0.0209007,0.0686876,0.268749,0.251136,-1.30035
812,-0.395043,0.609324,9.82101,0.139084,0.00524608,-0.101782,0.2727,0.251133,-1.30111
813,0.102951,0.29329,9.11113,0.191911,0.0278954,-0.0547511,0.277707,0.251885,-1.30298
814,0.445321,0.369904,8.27436,0.199705,0.0141726,-0.0378974,0.283182,0.252558,-1.30407
815,0.609324,0.264559,7.70933,0.163599,0.00444669,-0.0343001,0.288298,0.25256,-1.30498
816,0.714669,-0.00957681,7.78235,0.105843,0.0180363,-0.0464242,0.291864,0.253299,-1.30666
817,0.863109,0.0706289,8.03374,0.0617437,-0.00867659,-0.0505544,0.29389,0.253341,-1.30823
818,0.664391,-0.0790086,8.35337,-0.0388458,-0.0169369,-0.0697397,0.294095,0.252817,-1.31001
819,0.286107,-0.636858,7.91403,-0.0644262,-0.0208672,-0.022376,0.292452,0.252569,-1.31136
820,0.44173,-0.51595,8.08761,-0.0997325,-0.049845,0.0207909,0.290356,0.251423,-1.31132
821,0.351948,-0.562637,8.41681,-0.125246,-0.0283948,0.0521669,0.287581,0.250488,-1.31018
822,0.452504,-0.320823,8.53652,-0.122448,-0.0366551,0.0749494,0.284286,0.249767,-1.30831
823,0.356736,-0.250194,8.8753,-0.130442,-0.0558404,0.094601,0.280553,0.248221,-1.30727
824,0.493205,-0.225055,9.29788,-0.227901,-0.0451153,0.112387,0.275316,0.246722,-1.30443
825,0.596156,0.0502782,9.25359,-0.184867,0.0207675,0.112587,0.26889,0.246197,-1.30087
826,0.56982,-0.0538695,9.07043,-0.140235,0.102505,0.103128,0.264405,0.248368,-1.29805
827,0.326808,0.265756,9.45589,-0.0975341,0.102771,0.129508,0.260586,0.251559,-1.29469
828,0.468066,1.00796,9.59595,-0.0796145,0.0821871,0.0687542,0.258631,0.253945,-1.29165
829,1.0726,0.764947,9.27034,-0.0354484,0.0897146,0.0876064,0.257135,0.256169,-1.29021
830,0.781707,0.555454,8.94952,-0.0915387,0.0907805,0.0742166,0.255425,0.258907,-1.2877
831,0.292092,0.259771,8.41681,-0.0986,0.0748594,0.122779,0.254699,0.26108,-1.28282
832,0.594959,-0.129287,8.46589,-0.0879415,0.0508111,0.115385,0.251393,0.262817,-1.27992
833,0.884657,0.260968,9.20331,0.0607445,0.014972,0.0945344,0.25151,0.263669,-1.27633
834,0.805649,0.666785,9.40562,0.0843931,-0.0210671,0.0477036,0.253066,0.263126,-1.27522
835,0.793678,0.468066,9.87249,0.08406,0.0121741,-0.0211769,0.255298,0.263109,-1.27476
836,1.00317,0.241814,8.87051,0.123696,0.0197017,0.0155949,0.25845,0.263789,-1.27496
837,1.01873,0.292092,8.35097,0.146146,0.0312262,-0.00785377,0.262392,0.264279,-1.27464
838,0.855927,-0.130484,8.11155,0.0612774,0.0490791,-0.0368982,0.265499,0.265634,-1.27547
839,0.724246,-0.116119,7.86615,0.0174444,0.0300271,-0.0561501,0.266786,0.266562,-1.2761
840,0.881066,-0.354342,7.97269,0.0249719,0.0298939,-0.0125169,0.267092,0.267186,-1.27794
841,0.535104,-0.235829,8.48265,-0.0318512,0.0264965,-0.0905904,0.266354,0.267767,-1.27976
842,0.550666,-0.499191,8.5437,-0.00973479,0.0372216,-0.0965858,0.265636,0.268808,-1.28241
843,0.60693,-0.228646,8.33421,-0.104329,0.00464654,-0.218759,0.264696,0.269367,-1.28669
844,0.827196,-0.47884,8.76278,-0.0499706,-0.00354718,-0.119968,0.263377,0.269212,-1.29091
845,0.676362,-0.147243,8.94952,-0.120517,0.0185692,-0.140152,0.260517,0.269417,-1.29453
846,0.676362,-0.149638,8.90882,-0.124247,0.0516105,-0.159937,0.257422,0.270427,-1.29869
847,0.80086,-0.0275333,8.63828,-0.140168,0.0360225,-0.179522,0.253367,0.271498,-1.30334
848,0.793678,-0.262165,8.60236,-0.139369,0.0515439,-0.11677,0.248597,0.272823,-1.30918
849,0.622492,-0.387861,8.75799,-0.209915,0.0651335,-0.134823,0.244001,0.274004,-1.31196
850,0.269348,0.220266,9.26795,-0.186866,0.0610033,-0.193312,0.237824,0.275971,-1.3173
851,-0.0203507,0.678756,10.0652,-0.0224584,-0.00907628,-0.173127,0.235113,0.276579,-1.32237
852,0.169988,0.731428,9.85692,0.00691912,-0.029927,-0.229217,0.23459,0.275601,-1.32904
853,0.290895,0.377087,8.81066,-0.135505,0.00457992,-0.139952,0.23375,0.275428,-1.33297
854,0.0095768,0.0167594,8.31985,-0.0627608,-0.00701119,0.0565635,0.231167,0.276044,-1.33209
855,-0.256179,0.483629,8.2983,0.0810623,-0.0790226,-0.0107849,0.231379,0.274636,-1.33135
856,-0.385466,0.158017,9.17817,0.17106,-0.096809,-0.0328346,0.234591,0.272071,-1.33273
857,-0.164003,0.17358,9.33978,0.245403,-0.0967424,0.0203912,0.241354,0.269145,-1.33272
858,0.387861,0.208295,8.41202,0.102379,-0.0752256,-0.0482894,0.243909,0.266635,-1.33454
859,0.638054,-0.0263362,8.30189,0.0554153,-0.000482865,0.0199915,0.245802,0.265769,-1.33519
860,0.53271,0.0969651,8.26717,-0.0423098,0.0212338,-0.0041233,0.245293,0.266252,-1.33484
861,0.460884,-0.047884,7.89248,-0.0415104,0.0271626,-0.00245791,0.244069,0.267136,-1.33498
862,0.377087,-0.280121,8.10557,-0.094603,-0.00894304,0.00433689,0.242637,0.267338,-1.33488
863,0.342371,-0.531512,8.23725,-0.13344,-0.0572394,0.051634,0.239118,0.266309,-1.33422
864,0.386663,-0.365116,8.07444,-0.0567654,-0.0654331,0.111521,0.23686,0.263985,-1.33079
865,0.415394,-0.337582,9.49061,-0.103063,-0.0734935,0.163415,0.233876,0.261835,-1.32695
866,0.785298,0.0395043,9.20091,-0.0586306,-0.0108749,0.204517,0.231563,0.260789,-1.32173
867,1.20428,-0.299275,9.06684,-0.0387126,0.0498119,0.322826,0.229739,0.261559,-1.31483
868,0.678756,-0.45011,9.79947,-0.0131988,0.0433502,0.370656,0.228979,0.262575,-1.30505
869,1.22942,-0.319626,8.7927,0.0216412,0.102039,0.414156,0.229116,0.264564,-1.29421
870,1.94768,-0.577002,8.85016,0.119766,0.166722,0.474576,0.23113,0.268365,-1.28177
871,1.9393,-0.112527,9.97544,0.0514183,0.185108,0.502888,0.23364,0.273344,-1.26843
872,2.05662,-0.0071826,9.91678,0.103978,0.205426,0.603544,0.235265,0.279119,-1.25265
873,1.76093,-0.460884,9.34097,0.158403,0.16046,0.619199,0.23822,0.283746,-1.23785
874,2.1452,-0.481234,8.84059,0.151741,0.0864505,0.696872,0.242932,0.286964,-1.21974
875,2.90417,-0.829591,7.58962,0.186914,0.00784408,0.9654,0.246033,0.287528,-1.19775
876,1.8184,-0.608127,7.90206,0.0506189,-0.0194017,0.88353,0.247927,0.286702,-1.17294
877,2.21703,-0.527921,8.47068,0.0430914,-0.0118075,0.952943,0.248347,0.286314,-1.14748
878,2.27808,-0.11971,8.46829,0.00325526,-0.0183358,0.976925,0.249484,0.285907,-1.12091
879,1.8579,-0.124498,8.09599,-0.132974,-0.0483129,1.00743,0.247309,0.28481,-1.09419
880,1.45687,-0.331597,8.54131,-0.179738,-0.0692968,1.05127,0.241888,0.282946,-1.06586
881,1.26534,-0.39624,8.74841,-0.131375,-0.0441827,1.11315,0.237264,0.281277,-1.03623
882,0.403423,-0.490811,9.09677,-0.00260692,-0.0265962,1.16192,0.235528,0.280267,-1.00475
883,0.749385,-0.153229,8.98544,-0.00220723,-0.0577723,0.96953,0.233865,0.278738,-0.97847
884,1.26653,0.0742202,8.71489,0.0323663,-0.0574392,1.10962,0.233717,0.276982,-0.951591
885,1.11211,0.0622492,8.65982,0.00805158,-0.0209339,1.27989,0.234167,0.275929,-0.917541
886,0.774524,0.201113,8.16782,0.0220409,-0.00547903,1.25611,0.234183,0.275722,-0.882903
887,0.671573,-0.0227449,8.28034,0.0468885,-0.0680311,1.27809,0.236126,0.274578,-0.846052
888,0.232238,-0.0275333,8.39048,0.0237062,-0.0219997,1.40733,0.239174,0.272876,-0.809612
889,0.477643,-0.287304,8.49941,0.114703,-0.0839522,1.398,0.241165,0.270422,-0.771759
890,0.855927,-0.308852,8.48385,0.260924,-0.0547746,1.47208,0.247592,0.268558,-0.732368
891,1.17795,-0.314837,8.63349,0.126028,-0.0647003,1.48074,0.251997,0.2667,-0.692121
892,1.21147,-0.219069,8.60595,0.0754665,-0.058505,1.54376,0.255009,0.265032,-0.650053
893,1.37547,-0.152032,8.65623,0.0524842,-0.0675648,1.57373,0.256711,0.263301,-0.604137
894,1.21745,0.0574608,8.75679,0.0257713,-0.0814874,1.59192,0.257965,0.261406,-0.564023
895,1.50835,0.0921767,8.63947,0.0138471,-0.0962761,1.67972,0.258435,0.258781,-0.519802
896,0.624887,0.158017,8.9998,-0.0699553,-0.096809,1.7468,0.25781,0.256216,-0.468778
897,0.774524,0.147243,9.10634,-0.028587,-0.0257302,1.83713,0.256748,0.254984,-0.423027
898,0.500388,0.320823,8.76995,-0.0283872,-0.00554565,1.85991,0.256183,0.25477,-0.372286
899,0.275333,0.664391,8.93516,-0.0427761,-0.00914289,1.74993,0.255164,0.254538,-0.32273
900,0.584185,0.73502,9.37808,0.0736679,0.00511284,1.73081,0.256004,0.254505,-0.275099
901,0.618901,0.776918,8.92678,0.0619436,0.00724454,1.69904,0.257887,0.254767,-0.228304
902,0.778115,0.778115,8.77953,0.0617437,-0.00561227,1.67499,0.259916,0.25484,-0.178943
903,0.780509,0.90022,9.28591,0.0813287,0.00218176,1.64728,0.261781,0.254867,-0.133512
904,0.881066,1.23182,9.40442,0.164265,0.0388869,1.59905,0.265022,0.255302,-0.0891888
905,0.604536,1.25935,9.27034,0.113837,0.0919796,1.45636,0.270196,0.25748,-0.0469913
906,1.13126,1.12527,8.88488,-0.0520357,0.123489,1.42771,0.270875,0.260986,-0.00689219
907,1.27491,1.17316,8.08522,-0.0278542,0.123156,1.4477,0.269724,0.264488,0.0340011
908,1.05225,1.12408,7.99903,-0.034649,0.108034,1.24685,0.26849,0.267639,0.0697377
909,0.849941,0.922965,8.37012,-0.0185947,0.0508111,1.17104,0.268354,0.269872,0.102565
910,0.669179,1.09774,8.55328,-0.0704216,0.000582982,1.0921,0.266545,0.270385,0.133313
911,0.808043,1.17316,8.53892,-0.019061,-0.0312593,0.98252,0.265147,0.269804,0.161521
912,0.863109,1.0307,8.35217,-0.0170625,-0.0604369,0.850821,0.264994,0.268375,0.186307
913,0.593762,0.776918,8.23485,-0.0377133,-0.0632347,0.732845,0.263998,0.266485,0.209291
914,0.288501,0.494402,8.14148,-0.0761505,-0.0735601,0.632655,0.262383,0.264883,0.2263
915,0.0682347,0.317232,8.20971,-0.0467731,-0.0764913,0.555714,0.260253,0.262773,0.24235
916,-0.0574608,0.357933,8.916,0.0446235,-0.0794223,0.480039,0.260467,0.26047,0.25725
917,-0.142455,0.691924,9.4978,0.0598119,-0.0926788,0.402032,0.262005,0.258081,0.26841
918,-0.0634463,0.265756,9.44872,0.021841,-0.0135395,0.307771,0.260689,0.256346,0.275387
919,-0.201113,-0.0730231,8.36055,-0.177739,0.0535424,0.20032,0.255081,0.258554,0.285756
920,-0.289698,-0.410605,8.14268,-0.121049,0.0685975,0.197322,0.249875,0.260343,0.291024
921,-0.116119,-0.106542,8.33661,-0.124847,0.0739934,0.11372,0.247313,0.262394,0.295144
922,-0.11971,-0.104148,8.7101,-0.127977,0.0607369,0.0223231,0.244014,0.26429,0.296562
923,-0.320823,-0.475249,8.86932,-0.0499706,0.0370883,0.0102657,0.241254,0.265985,0.296831
924,-0.229843,-0.497994,9.28112,0.0581465,-0.0249974,0.00813398,0.241194,0.265961,0.297019
925,-0.342371,-0.158017,9.43435,0.0537499,-0.0752922,-0.158938,0.244899,0.264706,0.29689
926,0.438139,-0.700304,8.66701,0.132156,-0.0231988,-0.106511,0.248919,0.263378,0.29349
927,0.35913,-1.01035,8.14746,0.0229735,-0.0111414,-0.137887,0.250998,0.263178,0.290782
928,0.181959,-1.50236,8.05409,0.166863,-0.0295939,-0.060147,0.251881,0.262434,0.286704
929,-0.436942,-1.30125,8.8358,0.170793,-0.0834859,-0.157672,0.255939,0.26077,0.283729
930,-0.272939,-1.62806,8.74362,0.191444,-0.0971421,-0.138354,0.2608,0.258451,0.2799
931,-0.071826,-1.77889,8.2588,0.151608,-0.106668,-0.109709,0.265132,0.255516,0.276865
932,0.0730231,-1.82438,7.97748,0.112705,-0.0935448,-0.104713,0.269433,0.252676,0.273357
933,0.152032,-1.79685,8.43357,0.0646082,-0.0852845,-0.0291708,0.271542,0.250497,0.271978
934,0.174777,-1.55024,8.76756,-0.00507169,-0.059038,-0.0203109,0.272325,0.248469,0.271986
935,0.308852,-1.64721,8.56645,0.000657246,-0.0334576,0.00113934,0.272432,0.247206,0.27158
936,0.319626,-1.67833,8.71489,-0.0147976,-0.0198014,0.0771477,0.272433,0.246634,0.272806
937,0.257377,-1.48321,8.92558,-0.0638933,-0.00194841,0.0696201,0.271172,0.246225,0.275107
938,-0.0849941,-1.5706,9.17099,-0.0528351,0.00544593,0.085075,0.268977,0.246839,0.277169
939,-0.138864,-1.20189,9.15422,-0.0166628,-0.035123,0.0884724,0.268217,0.246408,0.27961
940,-0.0011971,-0.812831,9.08958,-0.0534346,-0.0732271,0.0800122,0.267686,0.244752,0.281909
941,-0.011971,-1.08697,9.1674,-0.0853434,-0.0623688,0.142165,0.264559,0.242812,0.284022
942,0.262165,-0.757765,8.96508,-0.162218,-0.0486459,0.0907373,0.261154,0.241573,0.28709
943,0.28491,-0.531512,9.12669,-0.153624,-0.0629017,0.119049,0.257662,0.240306,0.290522
944,0.705092,-0.136469,9.60194,-0.189064,-0.0561735,0.159884,0.253288,0.238481,0.294515
945,0.752976,0.168791,10.3154,-0.196258,0.0201014,0.168678,0.248111,0.237981,0.299262
946,0.829591,0.357933,10.1957,-0.193327,0.108167,0.120248,0.242287,0.240095,0.303029
947,0.776918,0.191536,9.69292,-0.0938036,0.137411,0.0886722,0.23842,0.243623,0.305752
948,0.724246,-0.129287,9.30626,-0.0500372,0.106568,0.0746163,0.236633,0.246701,0.307986
949,0.0969651,-0.0993593,8.65863,-0.0594966,0.0963762,0.0153951,0.235487,0.249723,0.309232
950,0.92895,-0.198719,7.89368,-0.0608289,0.0812545,0.0153285,0.233875,0.252396,0.309822
951,0.842759,-0.189142,8.2552,0.0221741,0.0561404,0.0129303,0.233594,0.254153,0.310234
952,0.843956,-0.0706289,8.31506,0.0129145,0.0378211,0.00447011,0.234437,0.255293,0.310613
953,0.907402,-0.312443,7.93319,0.0408264,0.0462147,-0.0408951,0.234846,0.256573,0.310356
954,1.05345,-0.508768,7.73088,0.034831,0.0292943,-0.153609,0.23501,0.257536,0.306296
955,0.602141,-0.687136,7.70214,0.0258379,-0.00401349,-0.0905904,0.236462,0.257714,0.304068
956,0.766144,-0.879869,7.3909,-0.0445747,-0.0146054,-0.0668086,0.235787,0.25742,0.302469
957,0.610521,-1.24977,7.60638,-0.00886879,-0.0583718,-0.164201,0.233743,0.256356,0.298136
958,0.70988,-1.0307,7.95952,0.0442238,-0.0778902,-0.214029,0.234055,0.253957,0.291528
959,0.72664,-1.15161,8.56645,0.0397606,-0.0503779,-0.117237,0.23547,0.252414,0.28698
960,0.587776,-1.27372,8.62152,0.0169781,-0.0579055,-0.157339,0.235718,0.251109,0.283641
961,1.10492,-1.31442,8.27316,0.0955178,-0.0496452,-0.204769,0.23743,0.249595,0.278568
962,1.17675,-1.12288,8.57243,0.130158,-0.0546414,-0.131759,0.241171,0.248381,0.274536
963,1.01993,-1.28688,9.01416,0.0259712,-0.0757585,-0.102448,0.243655,0.246578,0.271694
964,0.839167,-1.08098,9.27992,-0.011267,-0.0951436,-0.0987175,0.243529,0.244289,0.268989
965,0.859518,-0.623689,9.57561,-0.0301192,-0.0892815,-0.123565,0.243299,0.241713,0.266532
966,1.02232,-0.418985,9.91678,-0.0335832,-0.0518435,-0.0791325,0.241982,0.2397,0.263071
967,0.0861912,-0.178368,10.2232,-0.0513029,-0.00414672,0.0119311,0.240698,0.239222,0.263019
968,-0.0933738,-0.0299275,9.64264,-0.0673573,0.0267629,-0.102448,0.238295,0.239529,0.261152
969,-0.118513,0.0371101,9.38646,-0.181803,-0.013806,-0.311754,0.237227,0.240234,0.258833
970,0.654814,-0.142455,8.93156,-0.103063,-0.0638343,-0.142484,0.233708,0.23901,0.253172
971,0.422576,-0.246603,8.62989,-0.109192,-0.0936781,-0.0773338,0.231362,0.236883,0.251233
972,0.457292,-0.238223,9.19254,-0.106927,-0.122523,-0.0770674,0.228028,0.233651,0.249357
973,0.341174,0.263362,10.3848,0.0426917,-0.111398,-0.0716049,0.22739,0.229232,0.247125
974,0.240617,0.116119,10.3585,0.162467,-0.0448488,-0.0511539,0.230414,0.227162,0.24553
975,0.472855,-0.252588,8.7915,0.146878,0.0537422,-0.018046,0.23474,0.227669,0.244723
976,0.796072,-0.451307,7.7201,0.0340317,0.1089,-0.005389,0.23705,0.230391,0.244552
977,1.01035,-0.349553,7.01381,0.0689382,0.116894,0.10939,0.239646,0.233434,0.247786
978,0.329203,-0.289698,7.12395,0.0251718,0.0952437,0.0313828,0.241034,0.236182,0.249875
979,0.445321,-0.6608,7.5537,-0.101531,0.0577392,0.00959952,0.239718,0.238422,0.249973
980,0.424971,-0.872686,7.61954,-0.0650924,-0.00767735,0.0918698,0.236381,0.239079,0.250791
981,0.0227449,-0.869095,7.48188,0.000457399,-0.118592,0.0507013,0.235505,0.236911,0.251698
982,0.192733,-1.07619,8.37132,-0.0780824,-0.158495,0.0906707,0.234524,0.23275,0.253666
983,0.581791,-0.586579,8.81545,-0.115254,-0.145105,0.101795,0.2314,0.228589,0.256458
984,0.779312,-0.314837,8.56166,-0.117119,-0.120791,0.0956669,0.228735,0.224964,0.259142
985,0.950498,-0.243011,9.21408,-0.191928,-0.0537087,0.0671554,0.223882,0.222679,0.261231
986,0.605733,-0.960075,9.27154,-0.0846107,-0.00507934,0.106792,0.219512,0.222338,0.263333